FDR,Chr,Start,Stop,Direction,Deconvolved_Signal_Area,Deconvolved_Signal_Mean,Padj_Mean,Supporting_sgRNAs,Supporting_sgRNA_Sequences
0.05,chr2,59252544,59252556,negative,-0.549622260553704,-0.0458018550461,0.00730690433597,6,GGTGGACTTCCCTCCCCACT,GACTTCCCTCCCCACTAGGC,CCTAACCAGCCTAGTGGGGA,CAGCCCTAACCAGCCTAGTG,TCAGCCCTAACCAGCCTAGT,CTCAGCCCTAACCAGCCTAG
0.05,chr2,60718163,60718172,positive,0.3759203049738303,0.0417689227749,0.036730723592,2,TTCACATTTGCTCTTCTCCA,CTTCACATTTGCTCTTCTCC
0.05,chr2,60722289,60722389,positive,6.065586536160787,0.0606558653616,0.00366364826175,26,CCAAGAGAGCCTTCCGAAAG,CCTTCCGAAAGAGGCCCCCC,CTTCCGAAAGAGGCCCCCCT,TTGCCCAGGGGGGCCTCTTT,TCGGTGGCCGTTTGCCCAGG,ATCGGTGGCCGTTTGCCCAG,CATCGGTGGCCGTTTGCCCA,CCATCGGTGGCCGTTTGCCC,CCTGGGCAAACGGCCACCGA,CTGGCAGACCTCTCCATCGG,GGACTGGCAGACCTCTCCAT,TTAGGGTGGGGGCGTGGGTG,ATTAGGGTGGGGGCGTGGGT,GATTAGGGTGGGGGCGTGGG,TCTGATTAGGGTGGGGGCGT,CTCTGATTAGGGTGGGGGCG,CACGCCCCCACCCTAATCAG,TTGGCCTCTGATTAGGGTGG,TTTGGCCTCTGATTAGGGTG,GTTTGGCCTCTGATTAGGGT,GGTTTGGCCTCTGATTAGGG,AAGGGTTTGGCCTCTGATTA,GAAGGGTTTGGCCTCTGATT,ATCAGAGGCCAAACCCTTCC,CACAGGCTCCAGGAAGGGTT,TTTATCACAGGCTCCAGGAA
0.05,chr2,60725417,60725432,negative,-0.7262272394997992,-0.0484151493,0.00732186728001,3,GGGCCTGTCAGAAGAGGCCC,GAAGAGGCCCTGGACACTGA,GTGCCCAGCCTTCAGTGTCC
0.05,chr2,60725497,60725502,positive,0.16773240929551403,0.0335464818591,0.04830375,2,GCACTGATAGGGGTCGCGGT,GTCGGCACTGATAGGGGTCG
0.05,chr2,60725503,60725507,positive,0.1341859272740364,0.0335464818185,0.04830375,1,TGCTTGGTCGGCACTGATAG
0.05,chr2,60725605,60725697,positive,4.614177690573895,0.0501541053323,0.00911121273786,15,CAGGATGATGCAATGCTTGG,CTCCAAGCATTGCATCATCC,TACCAGGATGATGCAATGCT,CATTGCATCATCCTGGTACC,TCCTGGTACCAGGAAGGCAA,CCCATTGCCTTCCTGGTACC,GGGGCAGCCCATTGCCTTCC,CTAGGAAGGGAAGTGGGTAT,TCTAGGAAGGGAAGTGGGTA,CCCACTTCCCTTCCTAGAAT,TCCCTTCCTAGAATTGGCCT,TCCCAGGCCAATTCTAGGAA,GTCCCAGGCCAATTCTAGGA,GAATGTCCCAGGCCAATTCT,GGCTAAATAATGAATGTCCC
0.05,chr2,60731558,60731581,negative,-1.0937286387177365,-0.0475534190747,0.010304914499,4,TTTGGGAGAGCAGGCTGGCC,TATTCCTTCTTTGGGAGAGC,TGTTCTGTTATTCCTTCTTT,TTGTTCTGTTATTCCTTCTT
0.05,chr2,60773110,60773436,positive,44.60062723928545,0.136811739998,0.0,43,ACCTGCTATGTGTTCCTGTT,CCCAAACAGGAACACATAGC,CCTGCTATGTGTTCCTGTTT,CTGCTATGTGTTCCTGTTTG,TGTTTATCAACGTCATCTAG,GATAAACAATCGTCATCCTC,CGTCATCCTCTGGCGTGACC,TGGCATCCAGGTCACGCCAG,GACCTGGATGCCAACCTCCA,ACCTGGATGCCAACCTCCAC,TCCCGTGGAGGTTGGCATCC,GATGCCAACCTCCACGGGAT,GCATCCAATCCCGTGGAGGT,AAAAGCATCCAATCCCGTGG,GAAAAAAGCATCCAATCCCG,TTTCATCTCGATTGGTGAAG,ATCTCGATTGGTGAAGGGGA,TCGATTGGTGAAGGGGAAGG,CACAAACGGAAACAATGCAA,AAAATAAGAATGTCCCCCAA,AAATAAGAATGTCCCCCAAT,CCAGATGAACTTCCCATTGG,CCCCCAATGGGAAGTTCATC,GCCAGATGAACTTCCCATTG,TGCCAGATGAACTTCCCATT,GTGCCAGATGAACTTCCCAT,GTTCATCTGGCACTGCCCAC,TCTGGCACTGCCCACAGGTG,ATCATGACCTCCTCACCTGT,GATCATGACCTCCTCACCTG,AGGAGGTCATGATCCCCTTC,TCCCCTTCTGGAGCTCCCAA,CCCGTTGGGAGCTCCAGAAG,CCCCTTCTGGAGCTCCCAAC,CTGGAGCTCCCAACGGGCCG,GCTCCCAACGGGCCGTGGTC,GAACCAGACCACGGCCCGTT,TGAACCAGACCACGGCCCGT,ACAGATGATGAACCAGACCA,TGGTTCATCATCTGTAAGAA,TCTGTAAGAATGGCTTCAAG,AAGAATGGCTTCAAGAGGCT,GGCTTCAAGAGGCTCGGCTG
0.05,chr2,60780747,60780934,positive,8.523692640626484,0.0455812440675,0.0151921724638,22,TCCTGACGTTCAAGTTCGCA,CTCCTGACGTTCAAGTTCGC,TTGAACGTCAGGAGTCTGGA,GACAGAGACACACAAAACAT,AAAACATGGGCAGGGCGAGC,GCAGGGCGAGCAGGAGAGAA,GAAGGGGAAGCTCACACCAA,CACACCAATGGACACACATC,ACACCAATGGACACACATCA,CACCAATGGACACACATCAG,AGCCCCTGATGTGTGTCCAT,AATGGACACACATCAGGGGC,AAGAGACCAGGACAAGCCAA,CACTGGCCATTGGCTTGTCC,GACAAGCCAATGGCCAGTGC,AGCCAATGGCCAGTGCGGGG,GCCAATGGCCAGTGCGGGGA,CCCCTCCCCGCACTGGCCAT,CCAATGGCCAGTGCGGGGAG,GCACCTCCCCCTCCCCGCAC,GTGCGGGGAGGGGGAGGTGC,GAGGGGGAGGTGCGGGGCGG
0.05,chr2,60781285,60781293,positive,0.3151433027112556,0.0393929128389,0.0476782688233,3,GAGCGAGCGCGGCGGCGGTG,GGAGCGAGCGCGGCGGCGGC,GGAGCGAGCGCGGCGGCGGT
